city,monthly_cost_family_of_four,monthly_cost_single_person,meal at an inexpensive restaurant,"meal for two at a mid-range restaurant (three courses, without drinks)",combo meal at mcdonald's (or equivalent fast-food meal),domestic draft beer (0.5 liter),imported beer (0.33 liter bottle),cappuccino (regular size),"soft drink (coca-cola or pepsi, 0.33 liter bottle)",bottled water (0.33 liter),"milk (regular, 1 liter)",fresh white bread (500 g loaf),white rice (1 kg),"eggs (12, large size)",local cheese (1 kg),chicken fillets (1 kg),buffalo round or equivalent back leg red meat (1 kg),apples (1 kg),bananas (1 kg),oranges (1 kg),tomatoes (1 kg),potatoes (1 kg),onions (1 kg),lettuce (1 head),bottled water (1.5 liter),bottle of wine (mid-range),domestic beer (0.5 liter bottle),"cigarettes (pack of 20, marlboro)",one-way ticket (local transport),monthly public transport pass (regular price),taxi start (standard tariff),taxi 1 km (standard tariff),taxi 1 hour waiting (standard tariff),gasoline (1 liter),volkswagen golf 1.5 (or equivalent new compact car),toyota corolla sedan 1.6 (or equivalent new mid-size car),"basic utilities for 85 m2apartment (electricity, heating, cooling, water, garbage)","mobile phone plan (monthly, with calls and 10gb+ data)","broadband internet (unlimited data, 60 mbps or higher)",monthly fitness club membership,"tennis court rental (1 hour, weekend)",cinema ticket (international release),"private full-day preschool or kindergarten, monthly fee per child","international primary school, annual tuition per child",jeans (levi's 501 or similar),summer dress in a chain store (e.g. zara or h&m),nike running shoes (mid-range),men's leather business shoes,1 bedroom apartment in city centre,1 bedroom apartment outside of city centre,3 bedroom apartment in city centre,3 bedroom apartment outside of city centre,price per square meter to buy apartment in city centre,price per square meter to buy apartment outside of centre,average monthly net salary (after tax),"annual mortgage interest rate (20-year fixed, in %)"
Mumbai,131960.1,36750.7,500,2000,400,245,301.73,252.09,45.79,14.87,64.81,47.97,77.5,92.92,552.09,335.86,644.46,223.92,70.42,118.28,50.36,37.93,41.44,49.77,29.07,750,193.75,350,20,500,30,30,150,105.21,1525000,2184375,5399.37,429.06,834.29,2527.33,1159.09,400,12038.89,483272.73,2979.08,3262.46,5642.31,4154,61178.57,34423.08,195961.54,82500,613544.12,250718.81,68877.42,8.5
Delhi,126230.6,35014.1,500,2250,350,250,246.67,223.18,41.23,16.06,66.15,51.63,76.95,106.03,412.53,326.03,583.12,177.62,71.95,98.27,55.29,32.95,39.58,47.74,29.12,900,169.24,350,40,1500,85,25,100,98.56,1250000,2110760,4864.08,425.74,764.41,1855.56,888.67,500,6617.42,185250,2421.39,2899.96,5392.86,4380,24518.52,15192.31,71521.74,40909.09,240286.01,87901.58,49749.73,9.32
Bangalore,118885,32536.6,250,1500,450,230,285.45,221.77,41.71,14.22,56.31,55.48,75.95,96.88,639.18,337.32,641.82,225.21,64.09,118.56,39.46,35.91,33.47,35.82,28.58,1000,189.37,360,50,1325,100,25,200,104.41,1150000,1948421.05,2780.36,402.17,901.49,1552.28,605.26,425,11166.67,352272.73,3024,2590.91,4603.41,3385.11,30050,17348,78589.74,46948.87,170622.7,86930.28,81315.32,8.62
Hyderabad,113989.5,31655.3,250,1500,450,200,255,188.18,47.06,16.8,72.69,53.75,64.9,88.76,587.12,312.73,510.62,202.45,66.45,109.64,38.04,38.91,34.52,47.19,30.27,850,156.08,345,50,1150,80,50,110,107.44,1500000,2198823.53,4017.8,391.42,780.7,1887.93,704.71,300,9725.49,249460.35,2524.96,2619,4076.85,3363.64,20727.27,11756.57,53750.4,29129.4,126610.44,72842.71,114281.02,9.06
Ahmedabad,114216,32099.5,300,1500,399.5,300,332.55,212.27,41.47,15.36,67.21,54.48,76.16,101.49,497.38,359.65,551.24,191.09,69.38,116.47,58.35,37.73,41.1,54.84,28.54,728,195.69,355,22.5,750,100,25,175,97.67,1200000,2311111.11,4924.86,382.87,753.94,1278.21,768.75,350,3892.86,134090.91,2011.59,2259.83,4906.19,3023.35,16945.45,11636.36,40295.65,25517.39,81391.31,54722.99,43807.69,8.9
Chennai,108267.4,30100.6,200,1000,400,150,270.29,162.65,42.84,15.88,51.73,46.31,67.52,77.5,503.53,306.67,613.2,276.27,83.64,128.33,43.44,44.32,41.35,44.74,28.46,800,162.22,320,31.5,1000,145,37.5,200,101.97,1500000,1996458.33,3935.86,483.48,696.5,1377.5,650,250,6797.62,155312.5,2194.44,1883.33,3599.94,2968.75,16611.11,10277.78,39705.88,25144.44,161057.08,65093.92,69680.56,9.8
Kolkata,101753.9,29081.6,200,1000,400,162.5,243.33,143.68,40,11.52,58.95,34.2,60.1,85.64,390.33,265.29,638.7,217.67,80.07,111.43,55,25.59,35.31,30.37,26.47,950,156.88,350,15,225,50,30,150,105.56,1300000,2000000,5637.51,438.5,677,1306.25,829.23,350,3340.91,147117.65,1963.33,2012.44,3588.24,2606.19,14562.5,7638.89,37750,18000,107470.98,54181.25,40674.4,9.8
Surat,100782.3,28131,300,1000,300,300,292.18,168.57,38.75,16.28,66.2,48.39,65.63,91.11,422.18,267.61,592.55,150.64,64.55,75.49,53.34,35.31,40.14,45.38,29.59,728,176.45,350,22.5,500,55,20,100,99.75,1150000,1778800,3496.9,330.45,697.92,1771.88,708.33,275,3152.78,84166.67,2221.83,2348.68,4224.78,3127.6,20757.14,47783.94,38975,20025,66067.76,29774.74,31250,9.17
Pune,121387.2,33221.2,400,1350,499.5,250,310.91,223.91,47.6,17.86,67.28,48.34,67.56,90.8,573.12,320,623.16,232.73,61.84,131.58,50.95,40.68,40.22,57.06,30.22,775,193.53,360,40,1000,40,26.25,200,106.9,1350000,2057894.74,3111.81,363.09,763.64,2030.39,609.09,500,10166.67,231136.36,3050,2805.76,5233.27,3633.27,25125,16764.71,59823.53,34625,211557.53,100864.46,110041.67,8.73
Jaipur,99878.2,28218.9,250,1100,300,237.5,243.87,142.69,33.75,12.67,58.12,44.28,70.12,90.2,406.19,354.41,531.56,165,45,68.58,45.31,26.25,36.56,41.41,29.72,728,181.43,357.76,30,975,150,50,125,103.37,1300000,2416666.67,4426.76,341.89,708.47,1545.45,341.67,300,8322.2,191000,2377.74,2613.85,4316.55,3646.1,15246.15,7880.04,33818.18,21283.33,75203.81,37297.26,38877.5,8.9
Lucknow,95243,27075.4,145,1000,300,150,253.97,156.96,33.75,10.5,66.95,42.3,59.94,93.76,339.5,231.67,529.57,140,56,87.55,48,33.08,43,39.05,29.62,764,157.64,364,40,1000,90,20,120,98.94,1350000,1960000,4711.54,321.22,688.78,1358.33,656.25,275,3837.5,93250,2207.12,2290.25,3621.37,2358.52,12333.33,6820,32977.78,17200,111527.94,50321.87,34431.27,8.53
Kanpur,94008.3,26550.9,200,1000,300,125,290,147,27.5,11.29,66.11,43.39,65.83,87.43,345,236.25,658.33,135,60.83,86.25,55,22,35.6,46.25,28.17,575,152.88,350,40,600,50,30,100,98.92,1000000,1766666.67,4387.5,279,433.33,1233.33,600,275,3900,689333.33,2125,2875,3400,1500,10400,5544,31366.67,14866.67,103784.76,50887.6,32844.8,8.64
Nagpur,103653.2,30018.6,300,800,350,240,260,173.33,41.25,18.33,58.5,35,61,93,442,270,366.67,217.5,60,86.67,45,35,44,40,28.5,450,200,400,50,600,100,20,200,102.64,1225000,1733333.33,7000,380,625,1866.67,1037.5,325,7750,130000,2333.33,3125,4000,2625,25285.71,18000,45242.86,33000,108546.37,51166.84,34075.6,8.8
Indore,99208,27570.9,250,1100,275,150,307.28,124,41.67,15.83,62.73,40.03,66.96,93.63,487.65,242.61,447.52,179.13,54,75.49,40.74,32.99,37.95,50.37,30,728,183.46,353.6,20,500,50,27.5,125,105.49,1500000,1600000,3075.72,374.8,832.23,2174.07,675,360,3750,150000,2041.76,3469.37,4904.99,3126.81,14488.89,8524.44,35345.45,20460,118976.52,50775.54,36046.15,9.7
Thane,109328.8,30717,400,1500,400,210,232.5,160,42,17,62.62,44.17,69.88,95.53,507,336.67,450,242.5,78.75,106.67,44.29,30.25,27.38,41.25,32.5,750,155,320,27.5,550,31,25,151,102.9,1000000,2275000,5027.65,421.8,537.25,1010,1150,375,6833.33,140000,1985.57,1466.5,3749.83,3083.33,24320,18240,58650,38283.33,179398.51,136970.07,33500,8.66
Bhopal,101694.6,27865.6,250,950,300,180,262,198.33,35.83,13.12,61.64,45.62,70.62,80.89,938.33,285,465,185,55,78.33,49.17,39.17,38.33,45.83,30.71,500,150.45,300,20,499.5,100,22.5,200,103.43,1162500,1811000,2500,333.33,699.4,1700,440,250,4166.67,266666.67,1775,2100,3250,2833.33,13650,7105.71,27700,14766.67,111675,36980.1,35088.2,9
Visakhapatnam,100558,27859.1,240,800,500,175,300,171.67,32,9.25,70,49.75,63.4,78.5,460.83,300,420,218.75,53.75,96,39,39,39,57.5,29.25,850,168.75,350,30,1300,125,17.5,200,104.34,1300000,2100000,3125,350,490,1625,550,250,5270.83,150000,2100,2000,3125,3000,13516.67,6206.67,35233.33,16100,89729.25,44465.83,38000,8.75
Patna,101853.1,28453.2,200,1000,345,190,200,155,31.25,11.75,59.7,40.16,50.44,102,626,212.5,572,137.14,67.5,95.83,41.67,33.12,46.67,43,26.11,600,152,220,30,400,100,17.5,200,102.18,1300000,2833333.33,3833.33,252.83,640,2383.33,637.5,325,4300,160000,2266.67,2400,3666.67,3200,7863.33,5263.33,21916.67,13040,121343.33,48135.09,33160.31,9.46
Vadodara,108206.4,30910.6,200,1200,250,250,241,172.22,40.45,12.92,63.8,48.35,72.85,83.26,607.27,264.3,530.53,209.14,42.78,96.58,55.19,42.43,44.54,46.91,30.05,746.2,153.38,362,25,675,70,25,125,98.48,2000000,2180000,6249.1,457.65,706.88,1597.22,925,300,6333.25,156000,2215.73,2570.71,3740.81,2789.57,13928.57,7280,28950,19675,72852.63,47528.01,44951.85,8.73
Ghaziabad,104954.3,29673.4,250,1500,350,225,446.67,172.5,42.5,14,65.83,49,80,105.33,360,298,550,142.5,68,62,42.5,30,48,26.67,30,1100,202.5,340,50,1500,50,20,175,99.67,1200000,1823657.56,4506.39,278,759.6,1480,466.67,250,7875,147333.33,2416.67,2250,4583.33,2800,12933.33,8090,28333.33,15675,104051.13,69236.19,36520,9.21
Ludhiana,105273.3,29839.4,250,800,350,180,292.5,165,32.5,22,64.8,47.83,76.67,81,371,292,608.33,196.67,58.33,80,35.33,26.14,29.17,40,32.5,1200,171.71,315,55,1500,150,30,200,102.85,1600000,1921016.5,5068.96,299.29,557.8,1450,520,350,6875,138000,2080,3083.33,6625,3480,16333.33,9833.33,40000,36750,56666.67,47500,40812.67,8.62
Agra,108576.1,30596.4,300,1350,325,150,250,185.71,41.25,12.83,72.43,48.96,68,106.4,336,405,540,141.67,47,56.67,80,36,45,82.5,30,807.5,128,340,30,1500,62.5,20,120,100.64,1000000,1833333.33,5333.33,296.17,660.25,1240,1250,275,2866.67,130000,2625,1875,3375,1600,11500,5000,17500,6000,100000,16000,27750,8.33
Nashik,98594.5,26985.6,275,775,500,150,325,178.75,31,16.67,78.25,44,60.5,79,583.75,245,353.33,233.33,48.33,83.33,60,39.17,48.33,46.25,28.33,400,162.5,400,25,450,50,25,120,103.05,825639,1662640.5,2150,341.5,616.5,1620,950,360,2916.67,92774.75,1379.8,1599.75,3837.5,3250,13375,8280,28500,16600,62960,46369.93,29486.19,9.24
Faridabad,102197.8,28866.6,376.5,1200,250,180,240,167.5,37,15,61,51.75,83.75,94,397.5,288,450,162.5,52.5,62.5,42.5,32.5,40,91.67,31.67,1100,126.67,355,50,1000,60,18.64,100,100.91,950000,2200000,4875,319.75,560,1300,983.33,250,9000,160000,2375,3100,4000,2700,10683.33,7656,27200,16433.33,145312.79,200000,33180,10.08
Meerut,,,300,1000,250,150,202.5,195,35,15,58.75,46,59.65,78.33,350,200,353.33,117.5,65,56.67,45.8,35,31.67,35,26.25,950,137.5,400,30,600,100,20,100,99.22,800000,1200000,3994.32,289.6,495.6,1000,1125,350,3000,120000,2083.33,2250,3530,3583.33,14333.33,9000,68750,16666.67,62500,22500,43750,8.12
Rajkot,91532.3,25617.5,177.5,800,245,200,270,156,30,16.43,63.4,44.86,51.67,91,438.33,260.76,327.43,161.67,58.33,86,70,51.43,58.33,61.67,29.38,1000,220,225,20,500,50,20,175,100.03,1500000,2250000,2900,304.61,500,1402.78,900,300,8020.83,167000,1683.33,2040,2250,1960,12040,6500,28075,18000,69686.84,56400,23958.77,10.12
Kalyan,,,300,1100,400,210,292.18,168.57,38.75,16.28,65.25,44.17,65.63,91.11,507,330,592.55,192.5,64.55,88.33,46.25,35.31,40.14,41.25,28,728,176.45,350,15,725,31,20,151,102.07,1150000,1778800,3675,421.8,537.25,1133.33,1050,375,6833.33,140000,2047.6,2348.68,4224.78,3127.6,16000,10250,40666.67,27000,158912.29,87662.16,55750,8.77
Dombivli,,,250,1350,350,200,190,168.75,46.67,16.67,63.5,48.34,63.73,90.8,573.12,320,623.16,175,83.03,100,50.95,42.5,40.22,50,30.22,700,164,360,20,400,30,30,100,106.9,1100000,1775000,3375,363.09,700,1066.67,333.33,375,10166.67,136250,2733.33,2805.76,4750,3583.33,16750,10500,32500,20000,148437.6,53819.55,43333.33,9.29
Vasai,,,200,1200,300,200,310.91,93.33,46.67,13.33,61.67,39.75,57.67,71.5,498.33,310,513.33,190,61.84,100,30,23.33,31.25,57.06,25,775,170.86,340,17.5,1153.26,40,25,200,100.67,1350000,2057894.74,2154.09,363.09,533.33,1625,1000,250,10166.67,100000,2600,1500,3666.67,2500,8666.67,6333.33,24333.33,22000,86111.28,43055.64,34500,8.73
Varanasi,,,145,750,299,150,226.67,156.96,33.75,10.5,60.75,28.25,46,79.2,292,216.67,390,132.5,56,86.67,31.67,25,23.75,39.05,26,550,157.64,240,50,900,18,10,100,98.94,1200000,1800000,1200,321.22,658.33,1066.67,500,275,3837.5,93250,2000,2290.25,3500,2358.52,11000,4500,21250,13333.33,53819.55,32291.73,55000,8.53
Srinagar,,,250,2200,350,110,,125,34,15.83,50,46,38,79,258.33,257.5,450,162.5,105,230,53.75,40,43.33,30,28.75,,,200,20,600,100,20,100,100.89,1500000,2500000,4125,269.75,640,1825,500,600,5375,106666.67,2250,2500,4875,4750,7250,4000,18000,10875,51383,,42400,8.93
Aurangabad,98838.6,27145.8,300,1000,350,177.5,280,126,36.67,17.5,58,40,54.6,78.72,433.18,248,448.75,270,45,156.25,50,34,40,30,30,400,173,450,50,900,50,34.18,100,103.31,1000000,1850000,2383.59,297.25,750,1050,975,250,5916.67,107500,2283.17,1800,3900,2666.67,15400,7250,35600,35166.67,93915.12,86111.28,44500,9.6
Dhanbad,,,150,720,345,190,200,130,31.25,12.5,57.4,40.16,50.44,88,345,212.5,572,137.14,67.5,95.83,41.67,21.25,38.75,43,26.11,300,152,220,20,,100,10,100,100.29,800000,2833333.33,3833.33,252.83,640,1066.67,600,250,2859.75,87089.33,2266.67,2400,3666.67,2333.33,5666.67,3833.33,16000,10250,150000,,36261,9
Amritsar,,,150,875,325,175,253.33,150,36.25,20,54,49.64,73.73,75.6,402.5,272.71,483.33,162.5,65.42,56.67,38.33,30.42,32.92,30,28.93,925,159.09,357,35,2000,100,18.75,150,99.04,1200000,2383333.33,4998.49,311.75,602.46,2125,366.67,300,3000,52000,2288.89,2058.63,4750,4063.82,6000,3000,11000,7500,77500,60000,50000,8
Navi-Mumbai,113787.8,31705.2,200,1400,350,200,260,168.75,41.67,13.89,63.5,48.46,63.73,90.86,773.33,337.5,621.67,175,83.03,89.21,66.67,52.86,51.67,40,33,700,164,360,15,500,28,30,90,101.08,1100000,1775000,4530,408,700,1669.44,900,375,10750,136250,2333.17,1749.83,4750,3583.33,27277.78,20833.33,70566.67,40233.33,152822.3,119684.22,63650,9.29
Haora-India,,,200,900,400,147.5,243.33,133.33,40,10.4,57.6,35,60.1,85.64,500,251.67,700,208.33,80.07,111.43,56.67,30,40,30.37,26.47,950,150,320,15,,50,30,150,103.03,1450000,1900000,4250,332.17,599.67,,,300,2555.56,120000,1963.33,2012.44,3588.24,2606.19,11000,7500,,,,,34000,9.8
Ranchi,101853.1,29004.8,300,1000,450,210,197.5,140,40,13.5,53.25,33.86,38.4,87.33,433.33,193.33,384,120,58.75,65,45,32,42,28.75,26,475,93.75,355,20,2000,150,20,100,100.85,750000,1750000,5875,474.5,662.25,2125,1050,250,4833.33,125000,2875,2750,4166.67,2625,9700,6700,23200,16000,107639.1,69965.42,28500,15.58
Jabalpur,94741.4,27070.9,200,1000,300,180,285,130,28.33,16,67.5,40,64,97.2,333.33,242.5,500,146,55,97.5,45,25,30,50,30.83,500,172.5,340,20,300,150,22.5,200,102.64,1000000,1500000,5166.67,299.5,546.67,1487.5,450,350,5000,100000,5000,3333.33,5333.33,2425,8875,7000,21250,18333.33,94184.22,67274.44,28566.67,9.73
Gwalior-India,,,200,1500,263,150,312.5,143.33,45,13.33,66,38,58,96,434,274,,122,50,65,46.25,25,35,58,29.17,800,172.5,340,20,325,100,17.5,100,102.64,1675000,1950000,5375,304.67,590,1100,1500,350,3833.33,73333.33,2333.33,3125,4125,2750,9375,6250,17250,12333.33,55600.75,30954.89,40000,9.83
Coimbatore,93011.9,25886.3,120,950,365,180,311.09,135.33,38.75,13.4,51.95,37.67,65.59,72.6,468.21,245.32,403.5,236.67,61,112.33,39.07,39.23,40.71,33.05,28.21,500,164.12,360,20,1000,100,20,152.5,102.07,1000000,1350000,2941.85,312.18,686,1115.48,414.29,250,4962.96,150000,1955.64,1994.94,3573.9,2780.51,12983.33,7895.38,29100,17030.77,116111.28,59229.93,36640.98,9.83
Vijayawada,101743.9,28120.4,150,925,400,165,276.67,294,39,14.55,75.5,48.04,62.22,75.2,650,245,312.5,202.86,71.67,78.33,39.17,35,36.67,60,28.33,575,181.82,360,25,650,150,45,200,106.45,1500000,1966666.67,3097.32,293.5,718.75,1394.44,1040,275,6266.67,187500,1700,1750,3625,3375,12066.67,7182.86,29300,18971.43,65542.26,36700,28750,10.2
Jodhpur,90366.9,27867.5,200,850,350,150,206.67,198.75,42.5,16,62.5,37.5,75.67,69,500,216,200,146,47.5,62.5,50,29.17,30.83,20,28.33,1000,141.25,350,20,250,50,40,250,103.46,750000,1200000,10333.33,274.5,637,1000,350,300,3083.33,153333.33,2666.67,2166.67,4500,1666.67,11000,6625,20000,13000,118055.64,69218.8,35800,14.38
Madurai,112994.6,30649,160,1000,300,180,450,150,55,21.67,52,55.83,66.5,76.5,538.75,264,875,273.17,71.25,160,45.83,60.83,64.17,62.5,28,650,207.5,380,20,1000,100,35,110,101.18,1500000,2175000,1981.25,438.33,632.5,1500,666.67,250,5270.83,162500,2300,2375,4750,2750,14100,7360,29200,19000,113222.26,44725.25,33054.19,9.8
Raipur,114653.7,31524.9,275,1500,400,130,190,163.57,37.5,15,65.57,59,58.33,84.4,1066.67,265,550,190,57.5,67.5,47.02,43.75,40,45,31,1050,140,360,30,500,100,30,100,101.08,1400000,2200000,3625,287.5,533.33,2000,583.33,600,6041.67,108333.33,2233.33,2233.33,6000,3000,8050,13800,30166.67,19520,69475.14,33428.42,18894.38,8.88
Kota-India,,,204,775,250,150,180,63.33,35,15.83,56.83,40,66.96,81,425,242.61,447.52,150,50,66.25,40,27.5,37.95,30,30,728,145,340,50,2500,30,20,125,103.37,1500000,1600000,1250,245,600,1000,,300,3250,62500,2041.76,3133.33,3333.33,2000,13750,7625,26333.33,16250,53819.55,32291.73,40708.33,7.5
Guwahati,96541.2,26829.5,200,1000,500,120,208.33,166,40,16.43,62.5,40.62,55.14,85.71,456.67,316.67,465,185,65.83,88.33,61,32,33.75,30.75,26.67,675,146.67,400,25,500,67.5,35,125,100.42,1200000,1541666.67,3325,292.88,566.33,1140,750,250,2625,213333.33,2200,3060,3983.33,3700,11620,6546.67,27875,22175,60000,40000,32437.61,7.38
Chandigarh,103915.2,29390.1,275,1100,325,180,257.94,198.08,36.25,20,65.68,49.64,73.73,88.71,482.37,272.71,543.02,162.5,65.42,85.73,53.85,30.42,32.92,56.8,28.93,925,159.09,357,20,345,100,18.75,155,99.04,1250000,2383333.33,4998.49,340.67,602.46,1563.64,787.5,300,5750,263333.33,2288.89,2058.63,4750,4063.82,16030.77,10240,40000,25200,217731.84,117152.89,43177.21,8
Solapur-India,,,150,850,380,170,245,93.33,28.33,10,59.83,33.33,47.5,72.4,450,286.67,430,120,33.33,70,30,35,34.52,47.19,25,850,155,345,20,400,50,30,110,105.47,1150000,1650000,4017.8,391.42,550,850,700,300,8333.33,180000,775,900,4076.85,1500,8000,5000,17000,13500,51128.57,42677.82,34333.33,8.25
Dharwad-India,,,325,700,,145,,180,80,11.5,50,,60,72,,260,,200,60,180,30,30,30,,30,,,,25,800,50,50,50,,,,2200,300,550,1000,,250,4166.67,100000,,,,,10000,7000,18000,,,,,
Tiruchirapalli-Trichy,91983.7,25551.7,120,700,475,160,317.48,159.25,37.5,16.25,48,40.77,60.17,72,436.83,220,430.25,250,75.47,129.09,33.69,35.57,38.43,87.3,28.33,600,147.5,350,19.46,734.22,100,35,100,101.06,1035329.38,1606018.77,2768.94,292.17,699.83,836.83,623.65,172.5,3725,153916.38,2059.36,1733.56,2580.78,2908.78,10618.5,6816.65,16189.19,15543.71,67828.86,49112.9,49011.98,10.73
Tirupur-Tiruppur-India,,,100,575,300,135,285.45,77.5,42.23,12.75,56.31,40,58.6,68.4,400,207.5,350,197.5,64.09,105,39.46,35.91,33.47,35.82,25,825,189.37,300,20,800,50,25,150,102.07,1150000,1425000,2000,266.33,674.5,1666.67,895,300,4861.11,75000,3000,2333.33,4603.41,3385.11,12750,11750,28750,26750,129166.93,30400,25915.19,8.25
Mysore,108854.9,30056.7,120,1000,350,175,225,171.67,41.67,18.33,47.67,46.13,78.37,80,749.75,317.5,750,194,67.5,90.83,38.33,35.67,42.5,75,30,425,182.5,320,30,850,150,30,200,101.49,1275000,2100000,3631.22,499.5,712,1475,612.5,300,5083.33,110000,1749.75,1800,5000,3500,12913.17,7250,34687.95,20825,88742.26,47336.44,60000,9.43
Bareilly-India,,,300,600,200,120,192.5,124.75,30,11.67,66.75,41.67,65,96,296.67,310,475,100,60,50,30,25,28.33,46.67,28.75,800,125,180,,,100,15,150,100.22,1200000,1575000,3854.59,299,599.5,750,,400,5000,133333.33,1200,2500,3666.67,2020,7000,5250,20000,15000,,,35000,8.1
Gurgaon,131229,36373.8,500,2000,350,250,242.44,223.57,42.27,17.14,68.81,50.07,89.52,112,475.23,343.52,809.94,206.4,81.14,101.14,59.36,41.84,50.5,60.72,31.8,1200,191.89,350,50,950,100,25,200,98.68,1425000,2156666.67,4894.84,415.05,801.96,2638.64,492.86,450,16029.41,501250,2650,2447.68,4886.36,3599.95,28693.75,15900,79666.67,46733.33,260509.69,150704.63,80822.22,8.88
Aligarh-India,,,420,880,350,150,242.44,197.5,41.67,9.5,65.25,41.25,71.5,81,466.67,270,382.5,112.5,50,80,45,25,33.75,60,28.75,1060,135,300,30,250,25,20,200,98.68,1425000,1866666.67,4333.33,325,700,1000,300,250,7000,68333.33,1850,2447.68,4750,2250,5833.33,4000,10000,8000,190185.47,24666.67,100000,8.88
Jalandhar,102763.1,29313,325,1100,600,180,251.25,178.33,35.4,17.5,70,56.25,73.17,84,298.33,285,633.33,132,63,78,45,24.17,35,35,30,560,162.5,200,50,1200,77.5,20,220,99.41,1600000,2083333.33,5875,278.27,524.83,1375,166.67,350,3266.67,57500,2549.75,2925,3687.5,4166.67,13333.33,9750,36666.67,27500,129213.03,80000,47500,9.19
Bhubaneswar,102786.1,28865,200,1000,400,155,259.25,137.27,38.75,14.29,57.09,44.56,50.11,84.3,316,240,676.19,194.47,64.69,122.69,50.33,34.29,47.65,43.77,29.41,600,175.28,340,40,950,100,20,200,101.65,1000000,2161111.11,4406.87,299.89,696.01,1563.89,827.38,300,8138.89,194000,2322.11,2322.22,4229.9,2777.78,14316.67,8369.23,31415.38,19000,116243.95,52473.11,35072.79,8.55
Salem,,,18,90,11,4.75,2.94,4.62,2.63,2,1.14,3.73,4.13,4.91,14.69,13.81,,4.84,1.76,3.85,4.07,3.03,3.3,1.82,2.17,14,1.65,13.25,1.88,45,3.5,2.17,50,1,33555,23910.04,218.23,64.86,88.33,46,,15,1075,16500,53,47.25,84.75,80,1564.29,1376.67,2308,2025,3029.75,3040.5,3751.43,6.07
Warangal-India,,,150,700,300,165,225,120,33.75,14.55,66,38.75,50,75,650,245,312.5,202.86,71.67,78.33,39.17,35,36.67,20,28.33,550,176.67,360,20,302.5,65,20,100,106.45,1500000,1966666.67,2125,200,600,1250,627,275,6266.67,187500,1700,1500,1700,2000,7666.67,5500,12000,8333.33,66227.82,42545.87,37500,6.5
Thiruvananthapuram,100809.7,27992.6,250,1200,380,200,290.69,178.65,35.56,16.53,51.9,49.12,54.12,81.27,543.68,297.63,479.91,205.2,71.82,116.76,53.92,43.36,48.42,50.92,28.05,628.56,172.34,364,20,275,162.5,25,250,104.43,1000000,2566666.67,3229.16,325.69,776.42,1350,731.25,200,3200,189400,1972.74,1840.64,3590.31,2454.27,16783.33,9334.17,34216.67,20257.14,64340.35,40800,23095.85,10.64
Guntur,,,150,1000,416,200,190,184.8,35,16.54,73.62,41.25,52.5,75,383.33,290,551.25,133.33,66.45,90,38.3,39.17,34.96,47.94,28.75,800,130,260,20.5,790,25,12,110,105.15,1400000,2198823.53,1966.67,289.33,650,800,466.67,150,9725.49,249460.35,1533.33,2619,3500,3000,7500,4500,22500,17500,84450,48950,70000,9.06
Saharanpur-India,,,150,475,350,175,246.82,160,30,16.34,65.94,43.33,73.75,92,404.87,230,300,135,60,99.94,56.06,16.67,21.67,40,28.33,350,168.5,350,,,90,25,100,98.44,700000,1100000,3000,251.33,700,1200,400,225,3500,60000,999.5,2942.27,3499.5,2500,13000,6666.67,30000,16500,100000,40000,25000,7.5
Gorakhpur-India,,,200,1000,345,140,200,91.67,31.25,11.75,58.5,37.5,50.44,93,300,212.5,572,117.5,63.33,90,41.67,28.33,31.67,43,26.11,600,152,220,35,1000,100,10,200,102.18,1300000,2833333.33,1600,252.83,640,1000,,162.5,2250,72000,1750,1200,2500,1200,8000,6000,16000,15000,64583.46,59201.51,37500,9
Bikaner-India,,,250,800,250,110,243.87,110,33.75,10,46.25,38.75,70.12,90.2,406.19,354.41,293.33,165,43.33,50,45.31,26.25,36.56,40,27.5,400,153.33,300,90,,89,20,125,103.37,750000,900000,2100,263,599.67,1466.67,150,280,4333.33,113500,2233.33,2100,2833.33,2600,5500,2750,15000,9750,,,28000,7
Amravati,,,250,950,300,180,262,135,35.83,13.12,61.64,30.5,53,80.89,447.5,215,276.67,173.33,52.5,78.33,49.17,39.17,38.33,45.83,30.71,500,150.45,300,50,475,80,22.5,110,103.34,1125000,1600000,2500,325,699.4,1550,1050,250,4166.67,162000,1775,2100,3166.67,2833.33,8833.33,5500,17666.67,12000,53819.55,26909.78,33750,7.63
Noida,113986.1,31670.4,300,1500,300,180,259.12,186.88,34.36,13.65,65.64,51.88,78.12,106.88,496.67,298.6,510.25,195.61,73.14,94.4,48.79,34.83,46.67,58.07,30.01,1200,161.55,367,40,800,100,25,200,98.81,1500000,2375000,4039.18,393.06,787.86,1800,1150,500,7333.33,149333.33,2326.92,2217.96,4950,2888.89,18837.5,12253.33,46587.5,29125,141580.08,65985.34,72364.61,9.12
Jamshedpur,,,200,800,400,147.5,243.33,130,40,10.4,57.6,34.2,60.1,85.64,390.33,236.67,638.7,208.33,67.5,111.43,55,25.59,35.31,30.37,26.47,950,150,320,50,1750,50,30,150,100.05,1300000,1900000,4250,332.17,599.67,1750,616.67,300,2555.56,120000,1963.33,2012.44,3588.24,2606.19,10250,7500,30000,20666.67,130000,102000,40000,9.8
Bhilai-India,,,250,800,300,140,260,173.33,30.33,17.08,50.8,42.5,58,79.5,442,270,366.67,222.5,52.5,86.67,43.33,35,41.25,25,28.5,450,161.67,300,35,625,100,20,175,102.01,1125000,1733333.33,3000,300,566.33,650,300,325,7750,100000,2250,2750,2250,2250,7000,5500,25000,20000,,,63036.67,7.5
Cuttack-India,,,80,750,400,120,249.34,138.33,35,13.33,54.6,36.67,41.67,81.6,205,232,657.44,186.44,66.56,122.5,40,22.17,27,48.3,28.68,454,150,280,20,1100,20,20,200,101.61,1000000,1833333.33,4165.09,286.67,663.34,1625,325,225,2000,220000,1175,1166.67,4209,2166.67,13000,8000,27000,18333.33,37673.69,22604.21,41937.5,7.72
Kochi,103001.8,28504,150,800,400,155,246.66,125,38.69,14.79,58.4,48.05,58.41,86.5,647.95,347.81,479.67,201.84,66.81,93.61,47.98,36.98,45.7,54.32,29.48,757.12,164.9,364,30,1375,70,30,125,103.56,1402451,1816666.67,3269.45,319.58,653.59,1583.33,1033.33,180,5650,181666.67,2520.08,1911.7,3593.07,2559.44,18000,10100,37422.22,20657.14,102257.15,114019.18,44407.78,8.7
Nellore,,,150,900,400,165,273.33,200,26.67,14.55,67,46.25,50,75,650,245,312.5,160,71.67,63.33,33.33,35,35,60,28.33,575,181.82,325,20,,100,32.5,200,104.12,1500000,1666666.67,3097.32,293.5,633.33,1333.33,200,200,3333.33,135000,1700,1750,2833.33,3375,20833.33,20055.56,39666.67,38000,64583.46,43055.64,60750,10
Bhavnagar-India,,,150,800,300,175,250,123.33,38.75,16,58,37,48.75,91.11,422.18,267.61,466.67,150.64,64.55,75.49,48.75,35.31,40.14,45.38,25,728,176.45,350,30,545,50,18.9,100,99.75,1100000,1700000,3000,330.45,573,944.44,200,250,3027.78,81666.67,2221.83,2348.68,4224.78,2625,10000,5500,20000,12250,72760.53,28606.52,23750,8.91
Dehradun,102552.7,29177,300,1000,350,180,233.75,195,35,15,67.71,46,59.65,78.33,454.8,252.5,387.5,167.5,68.75,62.5,45.8,29.75,35.5,44.2,26.25,975,142.3,400,35,1200,100,30,150,100.9,1100000,1715333.33,5359.38,337.5,691.25,1562.5,933.33,350,4750,339500,2083.33,2466.67,3530,3583.33,18800,12196.67,36150,21733.33,69454.89,44513.91,35000,8.12
Durgapur-India,,,200,1000,350,120,200,143.68,32.5,11.52,49.25,34.39,46,86.4,250,208.75,566.67,120,60,86.67,53.53,21.25,35,29.95,26.47,900,156.88,350,40,500,50,30,150,105.1,750000,1000000,3500,236.67,605,716.67,,325,3340.91,147117.65,1833.33,2012.44,2250,2300,6500,3250,15000,10000,36059.1,23680.6,59000,9.8
Asansol-India,,,200,1000,300,162.5,237.14,113.33,40,11.52,58.5,33.75,59.33,80.67,396.81,262.35,476.67,192.67,50,114.67,53.53,25.28,35,29.95,26.25,900,148.33,340,30,700,50,30,150,104.71,1300000,1710000,3402,438.5,677,1166.67,733.33,275,3340.91,140000,1963.33,1933.33,3588.24,2606.19,8000,5000,22666.67,16000,,,26222.25,9.08
Nanded-India,,,250,600,400,200,257.5,156.67,28.75,13.33,70,37.5,65.6,88.76,445,272.5,242,209.73,57.5,100,38.3,39.17,34.96,28.33,24,500,142.5,325,20,1000,25,18,110,104.23,1250000,1933333.33,4017.8,333.33,579.8,2375,1083.33,205,2777.78,65333.33,2524.96,2619,4076.85,3363.64,12500,6000,24000,16000,53836.84,38454.89,28250,8.83
Kolhapur,96697.7,26645.3,200,1000,250,180,266.67,114,40.83,10,69.25,46,48.83,78.9,405,318,600,157.5,55,150,61.67,44,43,31.67,29,275,155,335,30,1000,80,25,150,104.29,1250000,2000000,2725,319.75,624.5,700,966.67,250,2750,113333.33,1600,2560,2799.8,3750,9600,6000,22000,12800,70677.14,42899.32,27000,9.31
Ajmer-India,,,150,775,225,150,206.67,60,35,13.33,62.5,36.25,63.5,69,450,216,200,96.67,43.33,62.5,50,29.17,30.83,90,28,1000,141.25,350,30,500,80,12,250,102.85,1150000,1200000,2675,274.5,718.75,1666.67,400,225,4916.67,153333.33,1166.67,1500,2000,1666.67,8000,5833.33,15666.67,12000,538195.52,215278.21,39666.67,11.67
Jamnagar,,,325,500,375,100,332.55,73.33,41.47,10,54.8,42.5,65,90,375,300,400,187.5,50,60,55,33.75,32.5,25,28.54,728,195.69,355,60,,100,25,100,97.67,1200000,2380000,4924.86,382.87,575,2375,500,250,2250,96000,1833.33,2259.83,3666.67,2166.67,7333.33,4166.67,17666.67,11000,40902.86,24756.99,33000,8.75
Ujjain-India,,,150,800,300,175,262,198.33,35.83,13.12,57,28.75,66.25,77.5,341.67,285,465,126.67,46.67,56.67,26.67,25,26.25,25,25,500,150.45,300,25,500,35,22.5,150,102.33,650000,1350000,2500,249.5,600,666.67,833.33,200,4166.67,135000,1733.33,2100,3250,2833.33,6666.67,4000,15000,9000,385463.51,50000,31666.67,8.37
Siliguri,92331.3,25729.9,175,1350,600,135,257.5,133.33,35,14,54.33,26.6,50.5,73.6,432.5,206.67,650,158,58.75,87.5,33.75,20.83,35,33.33,29.17,400,132.5,325,20,750,100,10,160,102.94,1050000,1933333.33,3256.56,275.4,743.5,650,433.33,300,2750,155333.33,2220,1350,3416.5,3099.75,13000,4250,31250,12250,72129.73,39467.67,35000,10.03
Jhansi-India,,,250,950,300,160,262,198.33,35.83,13.12,46.33,36,26,80.89,900,285,465,160,50,65,20,21.67,36.67,45.83,27.5,250,100,200,20,1100,100,10,150,102.04,1162500,1811000,2500,275,470,900,100,250,3000,266666.67,1150,1000,3000,1200,4000,2333.33,15000,7750,,,15000,9
Ulhasnagar-India,,,300,1400,499.5,200,260,200,41.67,18.24,63.5,48.41,63.73,90.8,579.38,320,621.67,175,61.75,89.21,48.57,40.68,39.79,40,30,700,164,360,,,28,26.25,90,101.08,1100000,1775000,3262.09,360.46,700,1500,,375,10166.67,136250,2333.17,1749.83,4750,3583.33,10000,8000,,,,,35000,8.69
Jammu,90072.8,25695.8,350,1100,350,150,305,102.5,30,12.5,61.25,34,82,93.5,380,146,266.67,107.5,90,67.5,51.25,31.25,50,57.5,27,750,125,400,25,300,150,25,200,101.09,1350000,2133333.33,4533.33,309.67,625,1312.5,1500,250,3500,103333.33,2450,3000,4000,2625,9000,5000,23250,15250,171952,153290,47500,13.83
Sangli-India,,,200,600,200,140,300,60,33.33,13.75,65.6,42.5,56.5,90,375,236.67,580,206.67,60,90,26.67,31.67,30,15,30,850,140,340,30,690,30,15,150,103.78,,,3000,283.33,666.67,1333.33,850,200,2333.33,90000,2000,1500,3500,1500,11000,7000,26666.67,19333.33,,,21000,11.8
Mangalore,106740.8,29147.5,250,1300,400,200,310,202.25,34.17,15,47,40.25,54,85.92,339.33,242,483.33,150,75,87.5,37.4,40.4,38.6,60,27.5,300,137,250,25,3000,90,30,120,115.35,1000000,1525000,2700,462.5,650,1560,350,250,5280,81260,2800,2625,4760,3300,16809,12456.5,32909.2,20512.5,53819.55,36309.57,29292.15,7.93
Erode-India,,,150,800,300,78,246.66,125,34.44,14.79,46.8,37.8,57.11,64.49,399.55,213.22,420,201.84,65,92,47.98,36.98,40.33,38,29.48,287.34,81.35,341,19.5,631,70,16,125,101.84,1150000,1816666.67,2244.28,288.83,653.59,1325.49,534.07,175,4845.25,95469.89,2348.43,1530.31,3242.31,2559.44,12433.33,8452,24750,20000,65041.73,21613.91,42141.46,7.45
Belgaum,,,200,1000,275,90,193.33,180,33.33,11,61,28.51,51.4,67,416.67,250,425,150,82.5,166.67,30,34.17,35,20,30,500,120,400,17.5,2000,100,50,80,102.09,1200000,1750000,2875,291.17,600,450,633.33,160,2000,100000,1500,3250,2750,2000,11500,6000,25000,18500,55246.3,37898.29,44701.11,10.75
Tirunelveli-Tamil-Nadu-India,,,118,950,300,173.7,198.83,135.33,38.75,13.33,51.95,33.3,52.11,66,468.21,227.67,383.73,174.23,51.51,110.54,39.07,30,36.08,33.05,28.21,500,110.66,350,15.76,358.93,90.71,20,98.2,102.07,1000000,1350000,2905.35,312.18,529.8,1135.29,973.92,200,1500,88635.74,1350,1500,3375,2414.93,9531.19,5931.2,14947.82,9650,84300,24650,20712.87,9.83
Gaya-India,,,250,800,500,147.5,283.33,60,74.67,6,50,43.18,65,84,400,120,700,70,67.5,175,65,34,38,45,25,1050,150,180,25,,90,30,150,100.05,1450000,1900000,4250,250,599.67,,,280,1500,120000,1400,900,2500,2000,4000,2000,10000,7000,,,,10.25
Jalgaon-India,,,250,800,300,150,292.18,70,38.75,10,66.2,42,51.2,90.48,422.18,267.61,592.55,150.64,42.5,75.49,35,30,40,22.5,26.25,200,150,340,15,1150,50,20,100,99.75,1150000,1778800,3250,283.33,654.75,1250,866.67,150,3152.78,84166.67,1400,1566.67,3666.67,2500,15000,6500,25000,12000,145312.79,48437.6,23333.33,9.17
Udaipur,,,200,850,350,150,337.5,162.5,52.5,16,50.33,35,55.83,78.4,327.5,216,400,128.33,40,62.5,35,25,24.17,30,27.5,1050,141.25,340,75,1500,50,30,200,102.94,1100000,1733333.33,4375,274.5,637,1125,860,300,4000,153333.33,1950,3125,4625,4625,12666.67,8666.67,29333.33,21833.33,107639.1,34982.71,37166.67,8.72
Davanagere-Davangere-India,,,60,1000,300,175,225,60,20,10,46.33,26.53,43,66,200,200,200,194,67.5,90.83,25,30,20,75,20,425,100,200,,,80,9,100,101.49,450000,1000000,3631.22,450,500,950,500,300,5083.33,60000,1120,800,2000,2000,,,,,,,32000,9.43
Kozhikode-Calicut,89057.3,24995.1,150,1000,300,135,230,112.25,31.75,12.5,55.2,43.5,49,73.2,350,257.6,326,180.67,53,96.67,33.4,33,38,58.75,23.75,500,186,400,15,500,80,40,200,102.39,1250000,1725000,3406.89,287.31,549.5,1437.5,583.33,250,4333.33,48333.33,2565,2562.25,6131.33,3999.75,8666.67,6000,26666.67,13333.33,85482.7,64595.96,17958.33,9.37
Kurnool-India,,,100,925,400,165,276.67,200,30,14.55,59.67,32.5,58.67,60.8,650,245,312.5,100,71.67,78.33,39.17,25,20,44,28.33,575,181.82,360,,,50,45,200,106.45,1100000,1966666.67,3097.32,293.5,700,2000,,275,6266.67,187500,1700,1750,3625,3375,7500,3000,18000,18500,,,50000,10.2
Akola-India,,,86,608,275,150,307.28,124,41.67,15.83,62.73,40.03,50,72,487.65,200,200,179.13,54,75.49,40.74,32.99,30,50.37,27.5,400,183.46,200,25,600,50,27.5,125,105.49,1500000,1600000,3075.72,374.8,832.23,1500,300,200,3750,150000,2041.76,3469.37,4904.99,3126.81,10000,6000,20000,12000,322917.31,161458.66,30000,9.7
Rajahmundry-India,,,125,925,400,165,150,115,39,14.55,66.25,41.67,61.25,72,650,245,250,85,50,78.33,39.17,35,36.67,60,26.67,500,120,200,30,350,100,18,200,106.45,1500000,1966666.67,3097.32,216.67,600,750,100,225,6266.67,187500,500,1750,3625,3000,9666.67,7000,18333.33,13000,90000,50000,40000,10.2
Bokaro-India,,,200,1000,345,150,200,155,31.25,11.75,52.33,20,47.5,72,626,150,500,137.14,67.5,90,41.67,32.5,46.67,43,26.11,600,100,220,,,100,17.5,200,102.18,1600000,2000000,3833.33,252.83,625,750,,325,4300,160000,1750,2400,3666.67,2000,9000,6000,25000,15000,64583.46,43055.64,60000,8
Bellary-India,,,60,1500,150,170,288.26,221.37,20,10,53,45,55,75.6,653.35,343.58,646.36,200,50,110,39.11,35.73,33.47,35.57,28.62,1000,120,300,10,800,100,15,200,103,1150000,1948421.05,2754.35,299,895.89,500,300,250,11166.67,60000,700,2590.91,2500,3385.11,7000,4000,16000,11000,,,45000,8.62
Patiala-India,,,250,600,250,120,160,150,31.25,17.14,62,44.4,80,94.4,356.67,343.52,809.94,206.4,44.2,40,28.06,23.33,27.5,50,30,750,148.02,350,75,,50,15,200,98.68,1200000,2156666.67,4894.84,299.67,801.96,1666.67,500,350,11041.67,110000,2500,2447.68,4000,2666.67,12500,8500,23500,17000,538195.52,,31666.67,8.88
Patiala-India,,,250,600,250,120,160,150,31.25,17.14,62,44.4,80,94.4,356.67,343.52,809.94,206.4,44.2,40,28.06,23.33,27.5,50,30,750,148.02,350,75,,50,15,200,98.68,1200000,2156666.67,4894.84,299.67,801.96,1666.67,500,350,11041.67,110000,2500,2447.68,4000,2666.67,12500,8500,23500,17000,538195.52,,31666.67,8.88
Bhagalpur-India,,,200,1000,300,159,200,133.33,31.25,11.75,58.25,40.16,43.25,84,437.5,212.5,572,137.14,46.67,95.83,41.67,30.5,25,27.5,26.11,600,137.5,210,20,450,100,17.5,150,102.18,1625000,2129235,2000,252.83,625,1075,683.33,200,2666.67,190000,2266.67,1350,3666.67,2733.33,5000,3500,13333.33,9833.33,123437.6,82291.73,26500,8
Muzaffarnagar-India,,,300,1250,350,120,192.5,124.75,35,11.67,55,40,65,100.5,280,356,517.5,127.5,62.5,70,57.5,25,30,46.67,28.75,800,140,340,,,100,15,150,96,1200000,1575000,3500,377.6,500,1000,200,400,5750,133333.33,2000,1500,3666.67,2020,,,,,,,,9.11
Latur-India,,,250,1100,499.5,265,310.91,166.67,48,18.24,67,25,50,90.8,190,190,623.16,155,61.75,105,42.5,33.33,26.67,32.5,26.67,775,185,240,20,500,40,25,175,105.53,1350000,2057894.74,2483.87,350,700,4166.67,,200,2055.56,150000,3000,2805.76,3900,2493.5,15000,7500,21666.67,15333.33,219500,350000,52500,7.9
Dhule-India,,,200,700,200,150,301.73,175,27.5,14.63,61.33,35,37.5,75,250,200,644.46,200,50,118.28,50.36,22.5,22.5,49.77,29.07,300,100,350,150,850,30,20,150,105.21,1525000,2184375,5399.37,250,550,1500,1000,400,12038.89,483272.73,2979.08,3262.46,5642.31,4154,9000,6000,15000,11000,,,,8.5
Tirupati-India,,,175,1000,400,128.5,268.17,176.67,33.33,13.75,57.09,47,58.88,77.76,300,220.67,515.56,180,55.83,86.25,27.08,35.73,32.25,28.25,28.33,683.96,187.66,360,20,750,100,20,100,104.75,1150000,1000000,2754.35,317.56,800,1433.33,1250,250,4416.67,352272.73,2984.62,1558.33,4312.5,3385.11,7875,6500,19000,15000,53819.55,32291.73,38750,8
Rohtak-India,,,300,600,215,120,183.33,86.67,35,10,67,43.52,74,92,400,360,517.5,127.5,62.5,70,43.33,25,40,45,28.75,500,100,340,20,300,50,15,100,100.22,900000,1575000,3375,377.6,550,1340,383.33,250,3666.67,133333.33,2259.6,2500,3666.67,2020,5666.67,3000,16000,10500,68836.84,55763.91,37500,9.11
Bhilwara-India,,,250,900,300,200,243.87,80,33.75,12.67,57.67,25,70.12,84,300,250,531.56,165,40,40,40,25,25,41.41,29.72,728,181.43,357.76,,,150,50,125,103.37,1300000,2416666.67,4426.76,341.89,708.47,,,300,8322.2,191000,2377.74,2613.85,4316.55,3646.1,,,,,,,,8.9
Berhampur-India,,,150,800,270,155,220,138.33,26.5,9.33,50.25,41.02,51.16,78,312.73,233.33,657.44,123.33,50,80,50.31,28.75,27.5,48.3,25,400,185.28,300,30,600,70,15,175,101.61,1000000,1989583.33,2248.27,296.04,663.34,880.56,575,300,1000,220000,2289.9,1449.5,4209,3000,9375,7000,18125,11750,80729.33,53819.55,37666.67,8.55
Muzaffarpur-India,,,150,1000,325,180,200,155,31.25,16.5,53,15,50.44,84,626,212.5,572,120,40,40,41.67,25,40,43,26.11,600,152,220,30,600,100,17.5,200,101.12,1300000,2833333.33,2750,252.83,640,2000,,325,4300,35000,2250,2250,3666.67,3200,6750,5250,16250,10750,204514.3,129166.93,30000,9.46
Ahmednagar-India,,,175,800,400,170,220,248.5,21.67,14.63,56.67,36.67,58.33,88,545.48,300,644.46,120,60,80,50,37.93,41.44,49.77,29.07,750,170,350,,,30,11,150,105,1525000,2184375,1200,199,299,700,,400,12038.89,483272.73,1800,1800,1299,999,7000,5000,15000,12000,48426.83,32280.97,12000,8.5
Mathura-Uttar-Pradesh-India,,,250,1050,250,100,230,186.88,32.5,10,60.75,42.67,61.5,96,265,298.6,510.25,110,36.67,94.4,30,18,30,10,30,240,120,200,25,0,100,25,100,98.81,1200000,1900000,4039.18,299,500,1370.6,697.97,500,7333.33,72000,2326.92,2217.96,4950,2888.89,6250,4250,17500,14000,118403.01,64583.46,37072.82,7.5
Kollam,,,100,600,350,150,246.67,110,38.75,13.4,51.95,38.44,44.5,72,468.21,191.25,403.5,188.33,51.67,65.67,39.07,39.23,32.5,33.05,26.25,300,164.12,300,10,675,100,20,152.5,102.07,1000000,1350000,2941.85,286.75,501,1287.5,1233.33,150,2000,150000,1566.67,1994.94,2433.33,2333.33,7833.33,4500,17333.33,11000,80729.33,43055.64,50000,9.13
Kadapa-India,,,160,500,400,150,200,162.66,42.92,10,51.68,20,49,68,556.25,200,618.46,193.33,53.33,127.05,25,40,23.33,30,25,750,164.21,340,,,150,37.5,200,101.86,1500000,1800000,3880.8,400,720.64,800,400,250,2000,40000,1000,1000,3631.19,1500,10000,7000,16000,13500,,,35000,9.75
Bilaspur-India,,,200,1200,350,200,283.33,130,25,11.25,52.5,35,50,72,283.33,246.67,600,200,,,,40,36.25,,30,600,176.67,300,,,37.5,17,,106.55,650000,1150000,1425,,546,1266.67,1500,,,,3000,2500,3500,3000,15000,12000,30000,15000,,,38333.33,7.97
Shahjahanpur-India,,,300,800,300,180,200,150,30,6.6,60,42.22,60,69,250,250,300,135,50,65,35,27.5,35,40,25,500,85,210,20,650,70,20,150,94.51,1500000,2000000,4000,300,787.86,3500,400,225,7000,149333.33,2000,2000,4500,2888.89,7000,6000,13500,11000,40000,30000,70000,8
Bijapur-India,,,250,1500,360,108.5,120,197.27,30,16.54,41.33,22.5,60,78,200,200,180,209.73,66.45,108.97,38.3,30,30,47.94,25,800,50,260,,,80,50,110,107.44,1500000,2198823.53,4017.8,405.52,750,500,500,300,9725.49,249460.35,800,1000,2500,1500,,,,,,,16000,9.06
Shivamogga-India,,,250,1300,450,110,153,117.5,35,16,48.25,41.25,65,82.5,375,275,387.73,165.12,60,45,35,30,38.33,20,27.5,650,82.5,300,15,,100,30.53,200,100.48,975000,2766666.67,2000,241.62,750,716.67,200,220,10666.67,163333.33,3083.33,2400,5625,1880,15000,7666.67,30000,18500,,,40000,9.12
Chandrapur-India,,,250,500,350,150,260,120,25,18.33,55,30,50,42,442,180,366.67,217.5,60,86.67,45,20,15,40,25,450,200,180,,,50,20,200,102.64,1000000,1200000,5250,380,500,854.17,1150,325,7750,130000,2200,3125,3000,2000,,,,,,,45000,8.5
Junagadh-India,,,175,750,350,200,332.55,141.67,28.33,15.67,54,30,40,101.49,497.38,359.65,551.24,100,40,100,58.35,35,20,54.84,28.54,728,195.69,355,25,1000,100,15,175,95,1200000,2380000,4924.86,382.87,753.94,1000,750,350,3892.86,134090.91,2011.59,2259.83,4906.19,3023.35,10000,7000,20000,17000,50000,35000,20000,8.9
Thrissur,92100.3,26439.5,120,900,400,200,325,124,37.5,15.83,59,51.25,46,82.8,280.12,287.5,338,186,63.33,142.5,40,41.25,36.8,87.5,28,300,192.31,400,20,300,80,50,100,104.67,1100000,1660144,5062.5,279.8,659.8,1075,1037.5,250,5675,111666.67,1864.5,1200,2875,2375,11666.67,8166.67,28750,16666.67,319965.42,165625.06,32400,11.83
Alwar-India,,,175,500,200,80,250,120,20,10,55.4,42.5,68,72,336,210,540,136.67,46.67,56.67,36.67,30,40,35,30,807.5,128,270,45,,62.5,16,100,100.64,1000000,1833333.33,5333.33,296.17,400,1500,,275,2000,60000,1666.67,1875,2000,1600,4500,3000,15000,8000,50000,40000,36666.67,8.33
Bardhaman%2CWest-Bengal-India,,,100,1500,164,180,,200,35,,65,40,110,96,,,,120,50,50,,10,20,80,35,,,150,,,,,,106,,1500000,,,,,,,7500,65000,,,,,,,,,,,,
Kakinada-India,,,100,925,400,100,276.67,50,30,13.33,53.75,46.25,53,72,375,245,312.5,202.86,71.67,78.33,39.17,35,32,56.67,28.33,575,181.82,360,30,1100,115,19,200,106.45,1500000,1966666.67,3097.32,293.5,500,1500,200,200,2666.67,117500,900,750,1500,1250,6750,5500,16000,11000,,,50000,9
Nizamabad-Bodhan-India,,,250,1500,469,200,257.5,197.27,45.88,16.54,73.62,36.67,65.6,76.33,500,260,270,200,50,81,20,30,18.5,10,17.5,400,160.43,150,,,80,50,110,107.44,1500000,2198823.53,4017.8,405.52,780.7,1400,620,300,9725.49,40000,2524.96,2619,4076.85,3363.64,7500,5750,20000,12150,65000,40000,30000,9.06
Tumkur-India,,,120,950,300,180,311.09,135.33,38.75,10,50,28,60.5,72.6,468.21,245.32,403.5,236.67,61,112.33,39.07,39.23,25,33.05,28.21,500,164.12,360,28,800,50,20,152.5,86,1000000,1350000,2941.85,312.18,500,1200,588,250,4962.96,150000,1955.64,1994.94,3573.9,2780.51,10500,6546,23900,15600,108600,46300,,9.83
Khammam-India,,,125,1200,225,150,180,73.33,26.67,16.54,67,42.5,53.33,75,316.67,317.27,320,150,60,108.97,35,39.17,34.96,35,30,500,150,275,35,1500,80,12,110,107.44,1100000,1000000,4017.8,216.67,780.7,1000,450,200,2694.44,66666.67,2100,1350,3000,1500,7000,4500,14000,8750,103055.64,20000,23333.33,9.06
Bihar-Sharif-India,,,,,,,,,,,60,20,30,60,300,210,650,200,30,30,,15,20,20,30,,,,,,,,,,,,,,,,,,,,,,,,,,,,,,,
Panipat-India,,,275,750,300,140,180,180,28.33,10.67,65.68,49.64,65,53,482.37,140,200,162.5,65.42,85.73,52.5,30.42,32.92,40,28.93,350,152.86,165,80,1000,100,18.75,90,99.04,1250000,1950000,2000,340.67,474.5,1250,1400,250,5750,216000,2288.89,2058.63,4000,2500,11500,5666.67,32000,21500,147500,85000,23000,8
Darbhanga-India,,,150,1000,345,190,90,119,20,10,57.67,40.16,39,82.67,260,180,165,137.14,67.5,95.83,41.67,33.12,46.67,43,25,365,152,220,,,100,17.5,200,102.18,1300000,2833333.33,1500,252.83,640,900,,275,2500,120000,1500,2400,3666.67,2500,4500,2500,8000,5000,,,15000,9.46
Aizawl-India,,,200,3500,350,120,260,120,28.33,16,70,50,47.5,83.33,200,330,425,375,110,120,90,46.67,50,,21.67,500,110,320,,,50,29,100,99.06,1300000,1700000,1000,,450,1000,900,,3000,,3000,3250,5233.33,3666.67,9666.67,6000,24666.67,15500,,,30000,
Dewas-India,,,190,550,300,120,250,198.33,31.67,13.12,56.67,45.62,70,80.89,455,225,465,156.67,50,78.33,49.17,23.33,38.33,17.5,28.33,500,140,300,30,1750,100,10,200,97.5,1162500,1811000,1200,250,699.4,650,1200,235,1000,266666.67,1200,850,2500,1225,4500,3250,16250,11250,75347.37,21527.82,46304.38,9
Karnal-India,,,175,900,255,155,200,200,42.27,10,61.67,45,80,96,475.23,330,809.94,206.4,70,101.14,40,21.67,26.67,60,26,1200,130,350,20,3000,30,10,200,96,800000,2156666.67,3000,415.05,500,1500,500,250,16029.41,501250,2650,2447.68,4886.36,3599.95,4000,2500,15000,10000,150000,30000,42500,8.88
Bathinda-India,,,250,1100,325,150,220,110,25,10,61.5,40,60,72,290,210,543.02,162.5,65.42,85.73,53.85,20,32.92,56.8,28.93,800,159.09,300,,,100,16,120,99.04,1000000,1500000,4998.49,340.67,300,1166.67,,300,5750,145000,1666.67,1750,4500,3500,,,,,,,37500,8
Eluru-India,,,140,550,469,200,257.5,197.27,45.88,10,70,40,53.33,84,587.83,317.27,551.25,120,66.45,70,38.3,35,34.96,47.94,30,800,160.43,350,30,,80,15,110,107.44,1500000,2198823.53,1500,300,780.7,2150,1500,300,3500,200000,1500,500,2500,3000,11000,6000,32000,12000,64583.46,43055.64,40000,9.06
Purnia-India,,,200,1000,345,190,200,155,31.25,11.75,59.7,40.16,50,96,330,200,572,137.14,50,95.83,41.67,24,20,43,26.11,600,152,220,,,100,17.5,200,102.18,1300000,2833333.33,3833.33,252.83,640,1200,,325,4300,160000,2266.67,2400,3666.67,3200,8000,4500,30000,15000,118403.01,48437.6,30000,9.46
Sonipat-India,,,175,825,350,85,192.5,60,35,10,66.5,40,65,77.33,433.33,350,517.5,127.5,56.67,70,57.5,25,40,46.67,28.33,800,140,200,30,1650,25,10,150,100.22,1200000,1575000,2638.89,219.5,549.5,800,500,300,2000,133333.33,1350,1200,3500,1200,6500,4250,21000,22000,42000,32000,24333.33,9.11
Rourkela-India,,,150,1000,400,155,249.34,138.33,25,14,50.67,35,34.67,80,250,237.78,657.44,150,63.33,60,27.5,22.5,22,48.3,28.68,675,185.28,340,15,,100,20,200,101.61,900000,1500000,2250,296.04,663.34,1000,,300,7404.76,220000,2250,2322.22,3500,3055.56,5000,4000,18000,20000,,,80000,8.55
Imphal-India,,,450,700,550,180,195,65,43.33,16.67,65,80,45,120,400,280,475,290,170,150,60,37.5,45,80,35,230,180,350,40,1200,100,35,85,105.05,800000,1000000,6416.67,300,350,1250,350,300,1250,108000,1500,2500,2750,3000,7000,5000,25000,20000,26909.78,21527.82,17500,14.35
Ratlam-India,,,200,600,250,190,241,172.22,32.5,12.92,54.5,40,67.5,72,415,200,530.53,209.14,42.78,96.58,55.19,15,20,46.91,30.05,500,135,300,,,70,15,125,98.48,2000000,2180000,2500,400,500,500,,300,6333.25,95000,700,800,1500,2500,11750,8000,15000,12500,215278.21,64583.46,37000,8.73
Arrah-India,,,200,1000,180,120,200,155,20,11.75,52.5,40,50.44,102,626,212.5,572,137.14,60,95.83,41.67,33.12,46.67,43,26.11,600,152,220,10,,100,17.5,200,102.18,1300000,2833333.33,3833.33,252.83,500,,,325,4300,160000,2266.67,2400,3666.67,3200,,,,,,,,9.46
Anantapur-India,,,120,600,350,170,266.67,50,40,18.33,47.67,46.13,61.67,80,749.75,273.33,866.67,194,67.5,90.83,38.33,35.67,42.5,35,25,425,157.5,320,50,1500,37,50,100,101.49,1350000,1000000,3631.22,333.33,433.33,1900,500,300,5083.33,110000,1500,1000,2833.33,2500,14000,10333.33,38333.33,31000,212673.69,250000,36666.67,9.43
Begusarai-India,,,200,700,345,190,200,150,27.5,9,48.75,38.6,46.25,80,366.67,212.5,572,137.14,56.67,85,40,20,31.25,20,22.5,600,152,220,100,,20,15,150,102.18,975000,1500000,1100,220,640,433.33,866.67,100,4300,60000,2266.67,2333.33,2000,2666.67,5000,3500,10000,,,,62500,9.46
Gandhidham-India,,,300,1500,300,,,,,,74,60,80,132,600,,,200,75,100,50,25,23.5,,30,,,,20,,,26,,84,,,1850,300,500,,,,4000,60000,,,,,9500,6000,18000,13500,,,20000,
Pondicherry,,,250,800,350,90,217.5,185,42.32,13.86,44.83,36.25,63.83,75,350,246.67,583.33,164,64.09,116.67,39.11,25.83,33.47,30,28.62,800,113.08,340,15,800,82.5,15,200,100.81,1125000,1933333.33,2754.35,327.25,620,687.5,350,170,3583.33,131250,2050,2250,4499.96,3125,20250,8000,20333.33,15000,93055.64,32291.73,27663.12,8.25
Sikar-India,,,275,750,300,180,259.12,186.88,34.36,13.65,63.75,31.67,78.12,106.88,496.67,298.6,510.25,195.61,73.14,94.4,48.79,34.83,45,58.07,25,350,150,200,20,,30,25,200,98.81,1500000,2375000,4039.18,350,250,2250,1200,500,7333.33,149333.33,2000,2217.96,2500,1500,10000,8000,18000,12000,,,25000,8
Thoothukudi-India,,,115,800,400,155,145,125,38.69,14.79,58.4,37.5,58.41,68,315,260,290,190,66.81,93.61,45,36.98,45.7,54.32,29.48,757.12,107.5,364,50,1500,50,13,110,103.03,1000000,1400000,3269.45,300,653.59,1800,180,150,4000,181666.67,2500,1911.7,1900,2500,9250,5500,35000,20000,,,26666.67,8.7
Rewa-India,,,100,1000,300,150,200,50,33.75,10.5,53.33,42.3,53.33,86,339.5,231.67,450,90,31.67,40,26.67,23.33,23.33,35,29.62,600,120,190,15,1000,45,20,100,98.94,1000000,1960000,4711.54,321.22,688.78,1066.67,500,250,2750,93250,1733.33,1800,3250,2266.67,7000,3500,12500,7500,53819.55,26909.78,32500,8.53
Mirzapur-India,,,145,700,300,150,253.97,100,33.75,10,52.5,42.3,59.94,62,225,225,225,140,56,75,20,22.5,27.5,39.05,29.62,620,120,300,10,200,30,20,100,98.94,1350000,1960000,4711.54,321.22,688.78,,,275,3837.5,93250,2207.12,2290.25,3621.37,2358.52,5000,4000,10000,8000,,,,8.53
Haridwar-India,,,180,875,288.5,150,246.82,214.85,28.33,16.34,60.67,38.33,66.67,100,300,180,592.94,125,60,99.94,37.5,13.5,39.85,46.58,29.14,900,168.5,350,,,90,25,100,93,1200000,2087269.23,3911.15,200,450,1200,200,500,6634.06,192000,2424.1,2942.27,5344.83,4700,10000,4000,22500,11000,,,19600,6
